-- phpMyAdmin SQL Dump
-- version 4.0.9
-- http://www.phpmyadmin.net
--
-- Host: 127.0.0.1
-- Loomise aeg: Veebr 28, 2014 kell 12:46 PM
-- Serveri versioon: 5.5.34
-- PHP versioon: 5.4.22

SET FOREIGN_KEY_CHECKS=0;
SET SQL_MODE = "NO_AUTO_VALUE_ON_ZERO";
SET time_zone = "+00:00";

--
-- Andmebaas: `autoportaal`
--

-- --------------------------------------------------------

--
-- Tabeli struktuur tabelile `body_type`
--

DROP TABLE IF EXISTS `body_type`;
CREATE TABLE IF NOT EXISTS `body_type` (
  `body_type_id` int(10) unsigned NOT NULL AUTO_INCREMENT,
  `body_type_name` varchar(32) NOT NULL,
  PRIMARY KEY (`body_type_id`)
) ENGINE=InnoDB  DEFAULT CHARSET=latin1 AUTO_INCREMENT=8 ;

--
-- Andmete tõmmistamine tabelile `body_type`
--

INSERT INTO `body_type` (`body_type_id`, `body_type_name`) VALUES
(1, 'Sedaan'),
(2, 'Luukpära'),
(3, 'Universaal'),
(4, 'Mahtuniversaal'),
(5, 'Kupee'),
(6, 'Kabriolett'),
(7, 'Pikap');

-- --------------------------------------------------------

--
-- Tabeli struktuur tabelile `car`
--

DROP TABLE IF EXISTS `car`;
CREATE TABLE IF NOT EXISTS `car` (
  `car_id` int(10) unsigned NOT NULL AUTO_INCREMENT,
  `car_title` varchar(255) COLLATE utf8mb4_estonian_ci NOT NULL,
  `car_info` text COLLATE utf8mb4_estonian_ci NOT NULL,
  `car_vin` int(11) NOT NULL,
  `car_img` varchar(255) COLLATE utf8mb4_estonian_ci NOT NULL,
  `car_created` timestamp NOT NULL DEFAULT CURRENT_TIMESTAMP,
  `user_id` int(10) unsigned NOT NULL,
  PRIMARY KEY (`car_id`),
  KEY `user_id` (`user_id`)
) ENGINE=InnoDB  DEFAULT CHARSET=utf8mb4 COLLATE=utf8mb4_estonian_ci AUTO_INCREMENT=4 ;

--
-- Andmete tõmmistamine tabelile `car`
--

INSERT INTO `car` (`car_id`, `car_title`, `car_info`, `car_vin`, `car_img`, `car_created`, `user_id`) VALUES
(1, 'Auto1', 'Auto1 tekst', 1234, 'http://www.extremetech.com/wp-content/uploads/2012/12/Audi-A1.jpg', '2014-02-07 11:00:09', 1),
(2, 'Auto 2', 'Auto 2 tekst', 12345, 'http://images.dailytech.com/nimage/m_l_13.jpg', '2014-02-07 11:00:30', 1),
(3, 'Auto 4', 'Auto 4', 2342, 'https://encrypted-tbn1.gstatic.com/images?q=tbn:ANd9GcQHkD1nKz-MH1SWbA1neZfNIRNUgJ2pcFkrAZ6XpqbJBWqmOG6a', '2014-02-07 11:19:36', 1);

-- --------------------------------------------------------

--
-- Tabeli struktuur tabelile `city`
--

DROP TABLE IF EXISTS `city`;
CREATE TABLE IF NOT EXISTS `city` (
  `city_id` int(15) unsigned NOT NULL AUTO_INCREMENT,
  `city_name` varchar(20) NOT NULL,
  PRIMARY KEY (`city_id`)
) ENGINE=InnoDB  DEFAULT CHARSET=latin1 AUTO_INCREMENT=63 ;

--
-- Andmete tõmmistamine tabelile `city`
--

INSERT INTO `city` (`city_id`, `city_name`) VALUES
(1, 'Abja-Paluoja'),
(2, 'Antsla'),
(3, 'Elva'),
(4, 'Haapsalu'),
(5, 'Jõgeva'),
(6, 'Jõhvi'),
(7, 'Kallaste'),
(8, 'Kärdla'),
(9, 'Karksi-Nuia'),
(10, 'Kehra'),
(11, 'Keila'),
(12, 'Kilingi-Nõmme'),
(13, 'Kiviõli'),
(14, 'Kohta-Järve'),
(15, 'Kunda'),
(16, 'Kuressaare'),
(17, 'Lihula'),
(18, 'Loksa'),
(19, 'Maardu'),
(20, 'Mõisaküla'),
(21, 'Mustvee'),
(22, 'Narva'),
(23, 'Narva-Jõesuu'),
(24, 'Otepää'),
(25, 'Paide'),
(26, 'Paldiski'),
(27, 'Pärnu'),
(28, 'Põltsamaa'),
(29, 'Põlva'),
(30, 'Püssi'),
(31, 'Rakvere'),
(32, 'Räpina'),
(33, 'Rapla'),
(34, 'Saue'),
(35, 'Sillamäe'),
(36, 'Sindi'),
(37, 'Suure-Jaani'),
(38, 'Tallinn'),
(39, 'Tamsalu'),
(40, 'Tapa'),
(41, 'Tartu'),
(42, 'Tõrva'),
(43, 'Türi'),
(44, 'Valga'),
(45, 'Viljandi'),
(46, 'Võhma'),
(47, 'Võru'),
(48, 'Harjumaa'),
(49, 'Hiiumaa'),
(50, 'Ida-Virumaa'),
(51, 'Järvamaa'),
(52, 'Jõgevamaa'),
(53, 'Lääne-Virumaa'),
(54, 'Läänemaa'),
(55, 'Pärnumaa'),
(56, 'Põlvamaa'),
(57, 'Raplamaa'),
(58, 'Saaremaa'),
(59, 'Tartumaa'),
(60, 'Valgamaa'),
(61, 'Viljandimaa'),
(62, 'Võrumaa');

-- --------------------------------------------------------

--
-- Tabeli struktuur tabelile `color`
--

DROP TABLE IF EXISTS `color`;
CREATE TABLE IF NOT EXISTS `color` (
  `color_id` int(10) unsigned NOT NULL AUTO_INCREMENT,
  `color_name` varchar(30) NOT NULL,
  PRIMARY KEY (`color_id`)
) ENGINE=InnoDB  DEFAULT CHARSET=latin1 AUTO_INCREMENT=14 ;

--
-- Andmete tõmmistamine tabelile `color`
--

INSERT INTO `color` (`color_id`, `color_name`) VALUES
(1, 'beež'),
(2, 'hall'),
(3, 'kollane'),
(4, 'kuldne'),
(5, 'lilla'),
(6, 'must'),
(7, 'oranž'),
(8, 'pruun'),
(9, 'punane'),
(10, 'roheline'),
(11, 'roosa'),
(12, 'sinine'),
(13, 'valge');

-- --------------------------------------------------------

--
-- Tabeli struktuur tabelile `country`
--

DROP TABLE IF EXISTS `country`;
CREATE TABLE IF NOT EXISTS `country` (
  `country_id` int(15) unsigned NOT NULL AUTO_INCREMENT,
  `country_name` varchar(20) NOT NULL,
  PRIMARY KEY (`country_id`)
) ENGINE=InnoDB  DEFAULT CHARSET=latin1 AUTO_INCREMENT=34 ;

--
-- Andmete tõmmistamine tabelile `country`
--

INSERT INTO `country` (`country_id`, `country_name`) VALUES
(1, 'Ameerika Ühendriigid'),
(2, 'Austria'),
(3, 'Belgia'),
(4, 'Bulgaaria'),
(5, 'Eesti'),
(6, 'Hispaania'),
(7, 'Holland'),
(8, 'Iirimaa'),
(9, 'Inglismaa'),
(10, 'Itaalia'),
(11, 'Jaapan'),
(12, 'Kreeka'),
(13, 'Küpros'),
(14, 'Leedu'),
(15, 'Luksenburg'),
(16, 'Läti'),
(17, 'Malta'),
(18, 'Norra'),
(19, 'Poola'),
(20, 'Portugal'),
(21, 'Prantsusmaa'),
(22, 'Rootsi'),
(23, 'Rumeenia'),
(24, 'Saksamaa'),
(25, 'Slovakkia'),
(26, 'Sloveenia'),
(27, 'Soome'),
(28, 'Suurbritannia'),
(29, 'Taani'),
(30, 'Tšehhi'),
(31, 'Ungari'),
(32, 'Venemaa'),
(33, 'Šveits');

-- --------------------------------------------------------

--
-- Tabeli struktuur tabelile `door`
--

DROP TABLE IF EXISTS `door`;
CREATE TABLE IF NOT EXISTS `door` (
  `door_id` int(10) unsigned NOT NULL AUTO_INCREMENT,
  `door_name` int(10) NOT NULL,
  PRIMARY KEY (`door_id`)
) ENGINE=InnoDB  DEFAULT CHARSET=latin1 AUTO_INCREMENT=11 ;

--
-- Andmete tõmmistamine tabelile `door`
--

INSERT INTO `door` (`door_id`, `door_name`) VALUES
(1, 1),
(2, 2),
(3, 3),
(4, 4),
(5, 5),
(6, 6),
(7, 7),
(8, 8),
(9, 9),
(10, 10);

-- --------------------------------------------------------

--
-- Tabeli struktuur tabelile `fuel_type`
--

DROP TABLE IF EXISTS `fuel_type`;
CREATE TABLE IF NOT EXISTS `fuel_type` (
  `fuel_type_id` int(11) unsigned NOT NULL AUTO_INCREMENT,
  `fuel_type_name` varchar(32) NOT NULL,
  PRIMARY KEY (`fuel_type_id`)
) ENGINE=InnoDB  DEFAULT CHARSET=latin1 AUTO_INCREMENT=5 ;

--
-- Andmete tõmmistamine tabelile `fuel_type`
--

INSERT INTO `fuel_type` (`fuel_type_id`, `fuel_type_name`) VALUES
(1, 'Bensiin'),
(2, 'Diisel'),
(3, 'Hübriid'),
(4, 'Elekter');

-- --------------------------------------------------------

--
-- Tabeli struktuur tabelile `gearbox`
--

DROP TABLE IF EXISTS `gearbox`;
CREATE TABLE IF NOT EXISTS `gearbox` (
  `gearbox_id` int(11) unsigned NOT NULL AUTO_INCREMENT,
  `gearbox_name` varchar(15) NOT NULL,
  PRIMARY KEY (`gearbox_id`),
  KEY `gearbox_name` (`gearbox_name`),
  KEY `gearbox_name_2` (`gearbox_name`)
) ENGINE=InnoDB  DEFAULT CHARSET=latin1 AUTO_INCREMENT=5 ;

--
-- Andmete tõmmistamine tabelile `gearbox`
--

INSERT INTO `gearbox` (`gearbox_id`, `gearbox_name`) VALUES
(3, 'automaat'),
(2, 'manuaal'),
(4, 'poolautomaat');

-- --------------------------------------------------------

--
-- Tabeli struktuur tabelile `km`
--

DROP TABLE IF EXISTS `km`;
CREATE TABLE IF NOT EXISTS `km` (
  `km_id` int(15) unsigned NOT NULL AUTO_INCREMENT,
  `km_name` int(15) NOT NULL,
  PRIMARY KEY (`km_id`)
) ENGINE=InnoDB DEFAULT CHARSET=latin1 AUTO_INCREMENT=1 ;

-- --------------------------------------------------------

--
-- Tabeli struktuur tabelile `kuulutus`
--

DROP TABLE IF EXISTS `kuulutus`;
CREATE TABLE IF NOT EXISTS `kuulutus` (
  `body_type_id` int(32) unsigned NOT NULL DEFAULT '0',
  `make_id` int(11) unsigned DEFAULT NULL,
  `price_id` int(10) unsigned DEFAULT NULL,
  `fuel_type_id` int(10) unsigned DEFAULT NULL,
  `year_id` smallint(5) unsigned DEFAULT NULL,
  `gearbox_id` int(10) unsigned DEFAULT NULL,
  `color_id` int(30) unsigned DEFAULT NULL,
  `vin_id` int(10) unsigned DEFAULT NULL,
  `reg_id` int(10) unsigned DEFAULT NULL,
  `motion_id` int(10) unsigned DEFAULT NULL,
  `muu_id` int(10) unsigned DEFAULT NULL,
  `country_id` int(15) unsigned DEFAULT NULL,
  `city_id` int(15) unsigned DEFAULT NULL,
  `kw_id` int(7) unsigned DEFAULT NULL,
  `door_id` int(10) unsigned DEFAULT NULL,
  `muudlisad_id` int(15) unsigned DEFAULT NULL,
  PRIMARY KEY (`body_type_id`),
  UNIQUE KEY `body_type` (`body_type_id`),
  UNIQUE KEY `year` (`year_id`),
  KEY `fuel_type_id` (`fuel_type_id`),
  KEY `fuel_type_id_2` (`fuel_type_id`),
  KEY `make_id` (`make_id`),
  KEY `price_id` (`price_id`),
  KEY `year_id` (`year_id`),
  KEY `gearbox_id` (`gearbox_id`),
  KEY `color_id` (`color_id`),
  KEY `vin_id` (`vin_id`),
  KEY `reg_id` (`reg_id`),
  KEY `motion_id` (`motion_id`),
  KEY `muu_id` (`muu_id`),
  KEY `country_id` (`country_id`),
  KEY `city_id` (`city_id`),
  KEY `kw_id` (`kw_id`),
  KEY `door_id` (`door_id`),
  KEY `muudlisad_id` (`muudlisad_id`),
  KEY `fuel_type_id_3` (`fuel_type_id`),
  KEY `make_id_2` (`make_id`),
  KEY `gearbox_id_2` (`gearbox_id`),
  KEY `color_id_2` (`color_id`),
  KEY `vin_id_2` (`vin_id`),
  KEY `muudlisad_id_2` (`muudlisad_id`),
  KEY `door_id_2` (`door_id`),
  KEY `kw_id_2` (`kw_id`),
  KEY `city_id_2` (`city_id`),
  KEY `country_id_2` (`country_id`),
  KEY `muu_id_2` (`muu_id`),
  KEY `reg_id_2` (`reg_id`),
  KEY `motion_id_2` (`motion_id`),
  KEY `price_id_2` (`price_id`)
) ENGINE=InnoDB DEFAULT CHARSET=latin1;

-- --------------------------------------------------------

--
-- Tabeli struktuur tabelile `kw`
--

DROP TABLE IF EXISTS `kw`;
CREATE TABLE IF NOT EXISTS `kw` (
  `kw_id` int(11) unsigned NOT NULL AUTO_INCREMENT,
  `kw_name` int(11) NOT NULL,
  PRIMARY KEY (`kw_id`)
) ENGINE=InnoDB DEFAULT CHARSET=latin1 AUTO_INCREMENT=1 ;

-- --------------------------------------------------------

--
-- Tabeli struktuur tabelile `make`
--

DROP TABLE IF EXISTS `make`;
CREATE TABLE IF NOT EXISTS `make` (
  `make_id` int(10) unsigned NOT NULL AUTO_INCREMENT,
  `make_name` varchar(32) NOT NULL,
  PRIMARY KEY (`make_id`)
) ENGINE=InnoDB  DEFAULT CHARSET=latin1 AUTO_INCREMENT=50 ;

--
-- Andmete tõmmistamine tabelile `make`
--

INSERT INTO `make` (`make_id`, `make_name`) VALUES
(1, 'Alfa Romeo'),
(2, 'Audi'),
(3, 'Bentley'),
(4, 'BMW'),
(5, 'Cadillac'),
(6, 'Chevrolet'),
(7, 'Chrysler'),
(8, 'Citroen'),
(9, 'Dacia'),
(10, 'Daewoo'),
(11, 'Dodge'),
(12, 'Ferrari'),
(13, 'Fiat'),
(14, 'Ford'),
(15, 'Honda'),
(16, 'Hummer'),
(17, 'Hyundai'),
(18, 'Jaguar'),
(19, 'Jeep'),
(20, 'Kia'),
(21, 'Lada'),
(22, 'Lamborghini'),
(23, 'Lancia'),
(24, 'Land Rover'),
(25, 'Lexus'),
(26, 'Lotus'),
(27, 'Maserati'),
(28, 'Mazda'),
(29, 'Mercedes-Benz'),
(30, 'Mitshubishi'),
(31, 'Moskvich'),
(32, 'Nissan'),
(33, 'Opel'),
(34, 'Peugeot'),
(35, 'Pontiac'),
(36, 'Porche'),
(37, 'Renault'),
(38, 'Rolls-Royce'),
(39, 'Rover'),
(40, 'Saab'),
(41, 'SEAT'),
(42, 'Skoda'),
(43, 'Subaru'),
(44, 'Suzuki'),
(45, 'Toyota'),
(46, 'UAZ'),
(47, 'Volkswagen'),
(48, 'Volvo'),
(49, 'GAZ');

-- --------------------------------------------------------

--
-- Tabeli struktuur tabelile `model`
--

DROP TABLE IF EXISTS `model`;
CREATE TABLE IF NOT EXISTS `model` (
  `model_id` int(10) unsigned NOT NULL AUTO_INCREMENT,
  `model_name` varchar(15) NOT NULL,
  `make_id` int(10) unsigned NOT NULL,
  PRIMARY KEY (`model_id`),
  KEY `make_id` (`make_id`)
) ENGINE=InnoDB  DEFAULT CHARSET=latin1 AUTO_INCREMENT=1629 ;

--
-- Andmete tõmmistamine tabelile `model`
--

INSERT INTO `model` (`model_id`, `model_name`, `make_id`) VALUES
(1, '145', 1),
(2, '146', 1),
(3, '147', 1),
(4, '155', 1),
(5, '156', 1),
(6, '159', 1),
(7, '164', 1),
(8, '166', 1),
(9, '1750', 1),
(10, '2000', 1),
(11, '33', 1),
(12, '4C', 1),
(13, '75', 1),
(14, '8C', 1),
(15, '90', 1),
(16, 'Alfa 6', 1),
(17, 'Alfasud', 1),
(18, 'Alfetta', 1),
(19, 'GT', 1),
(20, 'Montreal', 1),
(21, 'Spider', 1),
(22, 'Sprint', 1),
(23, '100', 2),
(24, '200', 2),
(25, '5000', 2),
(26, '80', 2),
(27, '90', 2),
(28, 'A1', 2),
(29, 'A2', 2),
(30, 'A3', 2),
(31, 'A4', 2),
(32, 'A4 Allroad', 2),
(33, 'A4 Cabrio', 2),
(34, 'A5', 2),
(35, 'A6', 2),
(36, 'A6 Allroad', 2),
(37, 'A7', 2),
(38, 'A8', 2),
(39, 'Coupe', 2),
(40, 'Q3', 2),
(41, 'Q5', 2),
(42, 'Q6', 2),
(43, 'Q7', 2),
(44, 'Quattro', 2),
(45, 'R8', 2),
(46, 'RS 2', 2),
(47, 'RS 3', 2),
(48, 'RS 4', 2),
(49, 'RS 5', 2),
(50, 'RS 6', 2),
(51, 'S2', 2),
(52, 'S3', 2),
(53, 'S4', 2),
(54, 'S5', 2),
(55, 'S6', 2),
(56, 'S7', 2),
(57, 'S8', 2),
(58, 'SQ5', 2),
(59, 'TT', 2),
(60, 'TTS', 2),
(61, 'V8', 2),
(62, 'Arnage', 3),
(63, 'Continental Fly', 3),
(64, 'Continental GT', 3),
(65, 'Continental GTC', 3),
(66, 'Continental R', 3),
(67, 'Continental Sup', 3),
(68, 'Continental T', 3),
(69, 'Mulsanne', 3),
(70, 'Turbo R', 3),
(71, '116', 4),
(72, '118', 4),
(73, '120', 4),
(74, '123', 4),
(75, '125', 4),
(76, '130', 4),
(77, '135', 4),
(78, '2000', 4),
(79, '2002', 4),
(80, '315', 4),
(81, '316', 4),
(82, '318', 4),
(83, '320', 4),
(84, '323', 4),
(85, '324', 4),
(86, '325', 4),
(87, '328', 4),
(88, '330', 4),
(89, '335', 4),
(90, '518', 4),
(91, '520', 4),
(92, '523', 4),
(93, '524', 4),
(94, '525', 4),
(95, '528', 4),
(96, '530', 4),
(97, '533', 4),
(98, '535', 4),
(99, '540', 4),
(100, '545', 4),
(101, '550', 4),
(102, '628', 4),
(103, '630', 4),
(104, '635', 4),
(105, '640', 4),
(106, '645', 4),
(107, '650', 4),
(108, '725', 4),
(109, '728', 4),
(110, '730', 4),
(111, '732', 4),
(112, '733', 4),
(113, '735', 4),
(114, '740', 4),
(115, '745', 4),
(116, '750', 4),
(117, '760', 4),
(118, '840', 4),
(119, '850', 4),
(120, 'C1', 4),
(121, 'i3', 4),
(122, 'i8', 4),
(123, 'M1', 4),
(124, 'M3', 4),
(125, 'M5', 4),
(126, 'M6', 4),
(127, 'X1', 4),
(128, 'X3', 4),
(129, 'X4', 4),
(130, 'X5', 4),
(131, 'X6', 4),
(132, 'Z3', 4),
(133, 'Z4', 4),
(134, 'Z8', 4),
(135, 'Allante', 5),
(136, 'ATS', 5),
(137, 'BLS', 5),
(138, 'Brougham', 5),
(139, 'Calais', 5),
(140, 'Catera', 5),
(141, 'Cimarron', 5),
(142, 'CTS', 5),
(143, 'DeVille', 5),
(144, 'DTS', 5),
(145, 'Eldorado', 5),
(146, 'ELR', 5),
(147, 'Escalade', 5),
(148, 'Fleetwood', 5),
(149, 'SeVille', 5),
(150, 'SRX', 5),
(151, 'STS', 5),
(152, 'XLR', 5),
(153, 'XTS', 5),
(154, 'Alero', 6),
(155, 'Astro', 6),
(156, 'Avalanche', 6),
(157, 'Aveo', 6),
(158, 'Bel Air', 6),
(159, 'Beretta', 6),
(160, 'Blazer', 6),
(161, 'Camaro', 6),
(162, 'Caprice', 6),
(163, 'Captiva', 6),
(164, 'Cavalier', 6),
(165, 'Celebrity', 6),
(166, 'Chevelle', 6),
(167, 'Chevy Van', 6),
(168, 'Cobalt', 6),
(169, 'Colorado', 6),
(170, 'Corsica', 6),
(171, 'Corvette', 6),
(172, 'Cruze', 6),
(173, 'El Camino', 6),
(174, 'Epica', 6),
(175, 'Equinox', 6),
(176, 'Evanda', 6),
(177, 'Express', 6),
(178, 'G10', 6),
(179, 'G20', 6),
(180, 'G30', 6),
(181, 'G31', 6),
(182, 'HHR', 6),
(183, 'Impala', 6),
(184, 'Kalos', 6),
(185, 'Lacetti', 6),
(186, 'Lumina', 6),
(187, 'Malibu', 6),
(188, 'Master Deluxe', 6),
(189, 'Matiz', 6),
(190, 'Metro', 6),
(191, 'Monte Carlo', 6),
(192, 'Nubira', 6),
(193, 'Orlando', 6),
(194, 'Rezzo', 6),
(195, 'S-10', 6),
(196, 'Silverado', 6),
(197, 'Spark', 6),
(198, 'Spectrum', 6),
(199, 'Sprint', 6),
(200, 'Suburban', 6),
(201, 'Tacuma', 6),
(202, 'Tahoe', 6),
(203, 'Tracker', 6),
(204, 'TrailBlazer', 6),
(205, 'TransSport', 6),
(206, 'Traverse', 6),
(207, 'Trax', 6),
(208, 'Uplander', 6),
(209, 'Van', 6),
(210, 'Venture', 6),
(211, 'Volt', 6),
(212, '180', 7),
(213, '200', 7),
(214, '300 C', 7),
(215, '300 M', 7),
(216, 'Aspen', 7),
(217, 'Avenger', 7),
(218, 'Charger', 7),
(219, 'Cirrus', 7),
(220, 'Concorde', 7),
(221, 'Conquest', 7),
(222, 'Crossfire', 7),
(223, 'Daytona', 7),
(224, 'ES', 7),
(225, 'Fifth Avenue', 7),
(226, 'Grand Voyager', 7),
(227, 'GS', 7),
(228, 'Imperial', 7),
(229, 'Intrepid', 7),
(230, 'Lebaron', 7),
(231, 'LHS', 7),
(232, 'Neon', 7),
(233, 'New Yorker', 7),
(234, 'Newport', 7),
(235, 'Pacifica', 7),
(236, 'PT Cruiser', 7),
(237, 'Royal', 7),
(238, 'Saratoga', 7),
(239, 'Sebring', 7),
(240, 'Stratus', 7),
(241, 'Sunbeam', 7),
(242, 'TC', 7),
(243, 'Town & Country', 7),
(244, 'Vision', 7),
(245, 'Voyager', 7),
(246, '2CV', 8),
(247, 'Acadiane', 8),
(248, 'AMI', 8),
(249, 'AX', 8),
(250, 'Axel', 8),
(251, 'Berlingo', 8),
(252, 'BX', 8),
(253, 'C-Crosser', 8),
(254, 'C-Elysee', 8),
(255, 'C-Zero', 8),
(256, 'C1', 8),
(257, 'C15', 8),
(258, 'C2', 8),
(259, 'C25', 8),
(260, 'C3', 8),
(261, 'C3 Picasso', 8),
(262, 'C3 Pluriel', 8),
(263, 'C4', 8),
(264, 'C4 Aircross', 8),
(265, 'C4 Picasso', 8),
(266, 'C5', 8),
(267, 'C6', 8),
(268, 'C8', 8),
(269, 'CX', 8),
(270, 'DS', 8),
(271, 'DS3', 8),
(272, 'DS4', 8),
(273, 'DS5', 8),
(274, 'Dyane', 8),
(275, 'Evasion', 8),
(276, 'GS', 8),
(277, 'Jumper', 8),
(278, 'Jumpy', 8),
(279, 'LNA', 8),
(280, 'Nemo', 8),
(281, 'Saxo', 8),
(282, 'SM', 8),
(283, 'Synergie', 8),
(284, 'Visa', 8),
(285, 'Xantia', 8),
(286, 'XM', 8),
(287, 'Xsara', 8),
(288, 'Xsara Picasso', 8),
(289, 'ZX', 8),
(290, 'Dokker', 9),
(291, 'Duster', 9),
(292, 'Lodgy', 9),
(293, 'Logan', 9),
(294, 'Logan MCV', 9),
(295, 'Sandero', 9),
(296, 'Arcadia', 10),
(297, 'Brougham', 10),
(298, 'Damas', 10),
(299, 'Espero', 10),
(300, 'Evanada', 10),
(301, 'Kalos', 10),
(302, 'Korando', 10),
(303, 'Labo', 10),
(304, 'Lacetti', 10),
(305, 'Lanos', 10),
(306, 'Leganza', 10),
(307, 'Magnus', 10),
(308, 'Matiz', 10),
(309, 'Musso', 10),
(310, 'Nexia', 10),
(311, 'Nubira', 10),
(312, 'Prince', 10),
(313, 'Rezzo', 10),
(314, 'Tacuma', 10),
(315, 'Tico', 10),
(316, 'Avenger', 11),
(317, 'Caliber', 11),
(318, 'Caravan', 11),
(319, 'Challenger', 11),
(320, 'Charger', 11),
(321, 'Colt', 11),
(322, 'Coronet', 11),
(323, 'Custom 880', 11),
(324, 'Dakota', 11),
(325, 'Dart', 11),
(326, 'Daytona', 11),
(327, 'Durango', 11),
(328, 'Dynasty', 11),
(329, 'Grand Caravan', 11),
(330, 'Intrepid', 11),
(331, 'Journey', 11),
(332, 'La Femme', 11),
(333, 'Lancer', 11),
(334, 'Magnum', 11),
(335, 'Monaco', 11),
(336, 'Neon', 11),
(337, 'Nitro', 11),
(338, 'RAM', 11),
(339, 'Sebring', 11),
(340, 'Shadow', 11),
(341, 'Spirit', 11),
(342, 'Stealth', 11),
(343, 'Stratus', 11),
(344, 'Viper', 11),
(345, '212', 12),
(346, '246', 12),
(347, '250', 12),
(348, '275', 12),
(349, '308', 12),
(350, '328', 12),
(351, '330', 12),
(352, '348', 12),
(353, '360', 12),
(354, '365', 12),
(355, '400', 12),
(356, '410', 12),
(357, '412', 12),
(358, '456', 12),
(359, '458', 12),
(360, '500', 12),
(361, '512', 12),
(362, '550', 12),
(363, '575M', 12),
(364, '599', 12),
(365, '612', 12),
(366, 'California', 12),
(367, 'Dino', 12),
(368, 'Enzo', 12),
(369, 'F355', 12),
(370, 'F40', 12),
(371, 'F430', 12),
(372, 'F450', 12),
(373, 'F50', 12),
(374, 'F512', 12),
(375, 'F620GT', 12),
(376, 'FF', 12),
(377, 'GTB', 12),
(378, 'GTO', 12),
(379, 'GTS', 12),
(380, 'Mondial', 12),
(381, 'Testarossa', 12),
(382, '126', 13),
(383, '127', 13),
(384, '128', 13),
(385, '130', 13),
(386, '132', 13),
(387, '500', 13),
(388, '500C', 13),
(389, '508', 13),
(390, 'Albea', 13),
(391, 'Argenta', 13),
(392, 'Barchetta', 13),
(393, 'Brava', 13),
(394, 'Bravo', 13),
(395, 'Cinquecento', 13),
(396, 'Coupe', 13),
(397, 'Croma', 13),
(398, 'Doblo', 13),
(399, 'Ducato', 13),
(400, 'Fiorino', 13),
(401, 'Freemont', 13),
(402, 'Grande Punto', 13),
(403, 'Idea', 13),
(404, 'Linea', 13),
(405, 'Marea', 13),
(406, 'Mirafiori', 13),
(407, 'Multipla', 13),
(408, 'Palio', 13),
(409, 'Panda', 13),
(410, 'Punto', 13),
(411, 'Punto Evo', 13),
(412, 'Qubo', 13),
(413, 'Regata', 13),
(414, 'Ritmo', 13),
(415, 'Scudo', 13),
(416, 'Sedici', 13),
(417, 'Seicento', 13),
(418, 'Siena', 13),
(419, 'Stilo', 13),
(420, 'Strada', 13),
(421, 'Tempra', 13),
(422, 'Tipo', 13),
(423, 'Ulysse', 13),
(424, 'Uno', 13),
(425, 'X19', 13),
(426, 'Aerostar', 14),
(427, 'B-MAX', 14),
(428, 'Bronco', 14),
(429, 'C-MAX', 14),
(430, 'Capri', 14),
(431, 'Cargo', 14),
(432, 'Consul', 14),
(433, 'Contour', 14),
(434, 'Cortina', 14),
(435, 'Cougar', 14),
(436, 'Courier', 14),
(437, 'Crown Victoria', 14),
(438, 'Econoline', 14),
(439, 'Econovan', 14),
(440, 'EcoSport', 14),
(441, 'Edge', 14),
(442, 'Escape', 14),
(443, 'Escort', 14),
(444, 'Excursion', 14),
(445, 'Expedition', 14),
(446, 'Explorer', 14),
(447, 'Express', 14),
(448, 'F-100', 14),
(449, 'F-150', 14),
(450, 'F-250', 14),
(451, 'F-350', 14),
(452, 'F-600', 14),
(453, 'F-700', 14),
(454, 'F-800', 14),
(455, 'Fiesta', 14),
(456, 'Flex', 14),
(457, 'Focus', 14),
(458, 'Focus C-Max', 14),
(459, 'Freestyle', 14),
(460, 'Fusion', 14),
(461, 'Galaxy', 14),
(462, 'Granada', 14),
(463, 'GT', 14),
(464, 'Ka', 14),
(465, 'Kuga', 14),
(466, 'LTD', 14),
(467, 'Maverick', 14),
(468, 'Mondeo', 14),
(469, 'Mustang', 14),
(470, 'Orion', 14),
(471, 'P100', 14),
(472, 'Probe', 14),
(473, 'Puma', 14),
(474, 'Ranchero', 14),
(475, 'Ranger', 14),
(476, 'Rimor', 14),
(477, 'S-MAX', 14),
(478, 'Scorpio', 14),
(479, 'Sierra', 14),
(480, 'Sportka', 14),
(481, 'Streetka', 14),
(482, 'Super Duty', 14),
(483, 'Taunus', 14),
(484, 'Taurus', 14),
(485, 'Tempo', 14),
(486, 'Thunderbird', 14),
(487, 'Tourneo', 14),
(488, 'Transit', 14),
(489, 'Windstar', 14),
(490, 'Zephyr', 14),
(491, 'Zodiac', 14),
(492, 'Accord', 15),
(493, 'Accord Type-R', 15),
(494, 'Airwave', 15),
(495, 'Ascot', 15),
(496, 'Avancier', 15),
(497, 'Ballade', 15),
(498, 'Beat', 15),
(499, 'Capa', 15),
(500, 'City', 15),
(501, 'Civic', 15),
(502, 'Civic Type-R', 15),
(503, 'Concerto', 15),
(504, 'CR-V', 15),
(505, 'CR-Z', 15),
(506, 'Crossroad', 15),
(507, 'Crosstour', 15),
(508, 'CRX', 15),
(509, 'Domani', 15),
(510, 'Element', 15),
(511, 'FCX', 15),
(512, 'Fit', 15),
(513, 'FR-V', 15),
(514, 'HR-V', 15),
(515, 'Insight', 15),
(516, 'Inspire', 15),
(517, 'Integra', 15),
(518, 'Jazz', 15),
(519, 'Legend', 15),
(520, 'Life', 15),
(521, 'Logo', 15),
(522, 'Mobilio', 15),
(523, 'NSX', 15),
(524, 'Odyssey', 15),
(525, 'Passport', 15),
(526, 'Pilot', 15),
(527, 'Prelude', 15),
(528, 'Quintet', 15),
(529, 'Ridgeline', 15),
(530, 'S2000', 15),
(531, 'Shuttle', 15),
(532, 'Stream', 15),
(533, 'Thats', 15),
(534, 'Today', 15),
(535, 'Z', 15),
(536, 'H1', 16),
(537, 'H2', 16),
(538, 'H3', 16),
(539, 'Accent', 17),
(540, 'Amica', 17),
(541, 'Atos', 17),
(542, 'Azera', 17),
(543, 'Coupe', 17),
(544, 'Dynasty', 17),
(545, 'E3', 17),
(546, 'Elantra', 17),
(547, 'Entourage', 17),
(548, 'Equus', 17),
(549, 'Excel', 17),
(550, 'Galloper', 17),
(551, 'Genesis', 17),
(552, 'Getz', 17),
(553, 'Grandeur', 17),
(554, 'H1', 17),
(555, 'H100', 17),
(556, 'H200', 17),
(557, 'H350', 17),
(558, 'i10', 17),
(559, 'i20', 17),
(560, 'i30', 17),
(561, 'i40', 17),
(562, 'ix20', 17),
(563, 'ix35', 17),
(564, 'ix55', 17),
(565, 'Lantra', 17),
(566, 'Marcia', 17),
(567, 'Matrix', 17),
(568, 'Pony', 17),
(569, 'Porter', 17),
(570, 'Santa Fe', 17),
(571, 'Santamo', 17),
(572, 'Satellite', 17),
(573, 'Scoupe', 17),
(574, 'Sonata', 17),
(575, 'Stellar', 17),
(576, 'Terracan', 17),
(577, 'Tiburon', 17),
(578, 'Trajet', 17),
(579, 'Tucson', 17),
(580, 'Veloster', 17),
(581, 'Veracruz', 17),
(582, 'X2', 17),
(583, 'XG', 17),
(584, 'Daimler', 18),
(585, 'E-Type', 18),
(586, 'F-Type', 18),
(587, 'S-Type', 18),
(588, 'SS', 18),
(589, 'X-Type', 18),
(590, 'XF', 18),
(591, 'XJ', 18),
(592, 'XJ12', 18),
(593, 'XJ40', 18),
(594, 'XJ6', 18),
(595, 'XJ8', 18),
(596, 'XJR', 18),
(597, 'XJ220', 18),
(598, 'XJS', 18),
(599, 'XK', 18),
(600, 'XK8', 18),
(601, 'XKR', 18),
(602, 'XK120', 18),
(603, 'XK140', 18),
(604, 'XK150', 18),
(605, 'XKSS', 18),
(606, 'Cherokee', 19),
(607, 'CJ', 19),
(608, 'Commander', 19),
(609, 'Compass', 19),
(610, 'Grand Cherokee', 19),
(611, 'Liberty', 19),
(612, 'Patriot', 19),
(613, 'Wagoneer', 19),
(614, 'Willys', 19),
(615, 'Wrangler', 19),
(616, 'Besta', 20),
(617, 'Boreggo', 20),
(618, 'Cadenza', 20),
(619, 'Carens', 20),
(620, 'Carnival', 20),
(621, 'cee''d', 20),
(622, 'cee''d GT', 20),
(623, 'cee''d Sporty Wa', 20),
(624, 'Cerato', 20),
(625, 'Clarus', 20),
(626, 'Forte', 20),
(627, 'Joice', 20),
(628, 'K2500', 20),
(629, 'K2700', 20),
(630, 'Magentis', 20),
(631, 'Mentor', 20),
(632, 'Opirus', 20),
(633, 'Optima', 20),
(634, 'Picanto', 20),
(635, 'Pregio', 20),
(636, 'Pride', 20),
(637, 'Retona', 20),
(638, 'Rio', 20),
(639, 'Sedona', 20),
(640, 'Sephia', 20),
(641, 'Shuma', 20),
(642, 'Sorento', 20),
(643, 'Soul', 20),
(644, 'Spectra', 20),
(645, 'Sportage', 20),
(646, 'Venga', 20),
(647, '110', 21),
(648, '1100', 21),
(649, '111', 21),
(650, '112', 21),
(651, '1200', 21),
(652, '1300', 21),
(653, '1500', 21),
(654, '1600', 21),
(655, 'Granta', 21),
(656, 'Kalina', 21),
(657, 'Niva', 21),
(658, 'Nova', 21),
(659, 'Priora', 21),
(660, 'Riva', 21),
(661, 'Samara', 21),
(662, 'Aventador', 22),
(663, 'Diablo', 22),
(664, 'Gallardo', 22),
(665, 'Huracan', 22),
(666, 'Murcielago', 22),
(667, 'Reventon', 22),
(668, 'Sesto Elemento', 22),
(669, 'Beta', 23),
(670, 'Dedra', 23),
(671, 'Delta', 23),
(672, 'Flavia', 23),
(673, 'Fulvia', 23),
(674, 'Gamma', 23),
(675, 'Kappa', 23),
(676, 'Lybra', 23),
(677, 'Monte Carlo', 23),
(678, 'Musa', 23),
(679, 'Phedra', 23),
(680, 'Prisma', 23),
(681, 'Stratos', 23),
(682, 'Thema', 23),
(683, 'Thesis', 23),
(684, 'Trevi', 23),
(685, 'Voyager', 23),
(686, 'Y10', 23),
(687, 'Ypsilon', 23),
(688, 'Zeta', 23),
(689, '101', 24),
(690, 'Defender', 24),
(691, 'Discovery', 24),
(692, 'Evoque', 24),
(693, 'Freelander', 24),
(694, 'Range Rover', 24),
(695, 'Series I', 24),
(696, 'Series II', 24),
(697, 'Series III', 24),
(698, 'CT', 25),
(699, 'CT 200h', 25),
(700, 'ES 250', 25),
(701, 'ES 300', 25),
(702, 'ES 330', 25),
(703, 'ES 350', 25),
(704, 'GS 250', 25),
(705, 'GS 300', 25),
(706, 'GS 350', 25),
(707, 'GS 400', 25),
(708, 'GS 430', 25),
(709, 'GS 450h', 25),
(710, 'GS 460', 25),
(711, 'GX 460', 25),
(712, 'GX 470', 25),
(713, 'IS 200', 25),
(714, 'IS 220', 25),
(715, 'IS 250', 25),
(716, 'IS 250C', 25),
(717, 'IS 300', 25),
(718, 'IS 350', 25),
(719, 'IS F', 25),
(720, 'LS 400', 25),
(721, 'LS 430', 25),
(722, 'LS 460', 25),
(723, 'LS 600h', 25),
(724, 'LX 450', 25),
(725, 'LX 470', 25),
(726, 'LX 570', 25),
(727, 'RX 300', 25),
(728, 'RX 330', 25),
(729, 'RX 350', 25),
(730, 'RX 400h', 25),
(731, 'RX 450h', 25),
(732, 'SC 300', 25),
(733, 'SC 400', 25),
(734, 'SC 430', 25),
(735, '340', 26),
(736, 'Eclat', 26),
(737, 'Elan', 26),
(738, 'Elise', 26),
(739, 'Elite', 26),
(740, 'Esprit', 26),
(741, 'Europa', 26),
(742, 'Evora', 26),
(743, 'Excel', 26),
(744, 'Exige', 26),
(745, 'Seven', 26),
(746, '222', 27),
(747, '3200', 27),
(748, '3500', 27),
(749, '4200', 27),
(750, '430', 27),
(751, '5000', 27),
(752, 'Biturbo', 27),
(753, 'Bora', 27),
(754, 'Coupe', 27),
(755, 'Ghibli', 27),
(756, 'GranCabrio', 27),
(757, 'GranTurismo', 27),
(758, 'Indy', 27),
(759, 'Karif', 27),
(760, 'Khamsim', 27),
(761, 'Kyalami', 27),
(762, 'Merak', 27),
(763, 'Mexico', 27),
(764, 'Mistral', 27),
(765, 'Quattroporte', 27),
(766, 'Royale', 27),
(767, 'Sebring', 27),
(768, 'Shamal', 27),
(769, 'Spyder', 27),
(770, '121', 28),
(771, '2', 28),
(772, '2000', 28),
(773, '3', 28),
(774, '323', 28),
(775, '5', 28),
(776, '6', 28),
(777, '626', 28),
(778, '929', 28),
(779, 'B', 28),
(780, 'B1500', 28),
(781, 'B1600', 28),
(782, 'B1800', 28),
(783, 'B2000', 28),
(784, 'B2200', 28),
(785, 'B2500', 28),
(786, 'B2600', 28),
(787, 'BT-50', 28),
(788, 'CX-5', 28),
(789, 'CX-7', 28),
(790, 'CX-9', 28),
(791, 'Demio', 28),
(792, 'E', 28),
(793, 'E1300', 28),
(794, 'E1400', 28),
(795, 'E1600', 28),
(796, 'E2000', 28),
(797, 'E2200', 28),
(798, 'Familia', 28),
(799, 'Millenia', 28),
(800, 'Montrose', 28),
(801, 'MPV', 28),
(802, 'MX-3', 28),
(803, 'MX-5', 28),
(804, 'MX-6', 28),
(805, 'Navajo', 28),
(806, 'Premacy', 28),
(807, 'Protege', 28),
(808, 'RX-7', 28),
(809, 'RX-8', 28),
(810, 'Savanna', 28),
(811, 'Tribute', 28),
(812, 'Xedos 6', 28),
(813, 'Xedos 9', 28),
(814, 'ZR', 28),
(815, '180', 29),
(816, '190', 29),
(817, '200', 29),
(818, '220', 29),
(819, '230', 29),
(820, '240', 29),
(821, '250', 29),
(822, '260', 29),
(823, '280', 29),
(824, '300', 29),
(825, '320', 29),
(826, '350', 29),
(827, '380', 29),
(828, '400', 29),
(829, '420', 29),
(830, '450', 29),
(831, '500', 29),
(832, '560', 29),
(833, '600', 29),
(834, 'A 140', 29),
(835, 'A 150', 29),
(836, 'A 160', 29),
(837, 'A 170', 29),
(838, 'A 180', 29),
(839, 'A 190', 29),
(840, 'A 200', 29),
(841, 'A 210', 29),
(842, 'Actros', 29),
(843, 'Arocs', 29),
(844, 'Atego', 29),
(845, 'B 150', 29),
(846, 'B 170', 29),
(847, 'B 180', 29),
(848, 'B 200', 29),
(849, 'B 250', 29),
(850, 'C 160', 29),
(851, 'C 180', 29),
(852, 'C 200', 29),
(853, 'C 220', 29),
(854, 'C 230', 29),
(855, 'C 240', 29),
(856, 'C 250', 29),
(857, 'C 270', 29),
(858, 'C 280', 29),
(859, 'C 30 AMG', 29),
(860, 'C 300', 29),
(861, 'C 32 AMG', 29),
(862, 'C 320', 29),
(863, 'C 350', 29),
(864, 'C 36 AMG', 29),
(865, 'C 43 AMG', 29),
(866, 'C 55 AMG', 29),
(867, 'C 63 AMG', 29),
(868, 'CE 200', 29),
(869, 'CE 220', 29),
(870, 'CE 230', 29),
(871, 'CE 300', 29),
(872, 'CE 320', 29),
(873, 'Citan', 29),
(874, 'Citaro', 29),
(875, 'CL 420', 29),
(876, 'CL 500', 29),
(877, 'CL 55 AMG', 29),
(878, 'CL 600', 29),
(879, 'CL 63 AMG', 29),
(880, 'CL 65 AMG', 29),
(881, 'CLA 180', 29),
(882, 'CLA 200', 29),
(883, 'CLA 220', 29),
(884, 'CLA 250', 29),
(885, 'CLA 45 AMG', 29),
(886, 'CLC 180', 29),
(887, 'CLC 200', 29),
(888, 'CLC 220', 29),
(889, 'CLC 230', 29),
(890, 'CLC 350', 29),
(891, 'CLK 200', 29),
(892, 'CLK 220', 29),
(893, 'CLK 230', 29),
(894, 'CLK 240', 29),
(895, 'CLK 270', 29),
(896, 'CLK 280', 29),
(897, 'CLK 320', 29),
(898, 'CLK 350', 29),
(899, 'CLK 430', 29),
(900, 'CLK 500', 29),
(901, 'CLK 55 AMG', 29),
(902, 'CLK 550', 29),
(903, 'CLK 63 AMG', 29),
(904, 'CLK 65 AMG', 29),
(905, 'CLS 250', 29),
(906, 'CLS 320', 29),
(907, 'CLS 350', 29),
(908, 'CLS 500', 29),
(909, 'CLS 55 AMG', 29),
(910, 'CLS 63 AMG', 29),
(911, 'E 180', 29),
(912, 'E 190', 29),
(913, 'E 200', 29),
(914, 'E 220', 29),
(915, 'E 230', 29),
(916, 'E 240', 29),
(917, 'E 250', 29),
(918, 'E 260', 29),
(919, 'E 270', 29),
(920, 'E 280', 29),
(921, 'E 290', 29),
(922, 'E 300', 29),
(923, 'E 320', 29),
(924, 'E 350', 29),
(925, 'E 400', 29),
(926, 'E 420', 29),
(927, 'E 430', 29),
(928, 'E 500', 29),
(929, 'E 55 AMG', 29),
(930, 'E 60 AMG', 29),
(931, 'E 63 AMG', 29),
(932, 'G 230', 29),
(933, 'G 240', 29),
(934, 'G 250', 29),
(935, 'G 270', 29),
(936, 'G 280', 29),
(937, 'G 290', 29),
(938, 'G 300', 29),
(939, 'G 320', 29),
(940, 'G 350', 29),
(941, 'G 36 AMG', 29),
(942, 'G 400', 29),
(943, 'G 500', 29),
(944, 'G 55 AMG', 29),
(945, 'G 63 AMG', 29),
(946, 'G 65 AMG', 29),
(947, 'GL 320', 29),
(948, 'GL 350', 29),
(949, 'GL 420', 29),
(950, 'GL 450', 29),
(951, 'GL 500', 29),
(952, 'GL 550', 29),
(953, 'GLA', 29),
(954, 'GLK 220', 29),
(955, 'GLK 250', 29),
(956, 'GLK 280', 29),
(957, 'GLK 320', 29),
(958, 'GLK 350', 29),
(959, 'ML 230', 29),
(960, 'ML 250', 29),
(961, 'ML 270', 29),
(962, 'ML 280', 29),
(963, 'ML 300', 29),
(964, 'ML 320', 29),
(965, 'ML 350', 29),
(966, 'ML 400', 29),
(967, 'ML 420', 29),
(968, 'ML 430', 29),
(969, 'ML 450', 29),
(970, 'ML 500', 29),
(971, 'ML 55 AMG', 29),
(972, 'ML 63 AMG', 29),
(973, 'MB 100', 29),
(974, 'R 280', 29),
(975, 'R 300', 29),
(976, 'R 320', 29),
(977, 'R 350', 29),
(978, 'R 500', 29),
(979, 'R 63 AMG', 29),
(980, 'S 260', 29),
(981, 'S 280', 29),
(982, 'S 300', 29),
(983, 'S 320', 29),
(984, 'S 350', 29),
(985, 'S 400', 29),
(986, 'S 420', 29),
(987, 'S 420', 29),
(988, 'S 430', 29),
(989, 'S 450', 29),
(990, 'S 500', 29),
(991, 'S 55 AMG', 29),
(992, 'S 550', 29),
(993, 'S 600', 29),
(994, 'S 63 AMG', 29),
(995, 'S 65 AMG', 29),
(996, 'SL 230', 29),
(997, 'SL 250', 29),
(998, 'SL 280', 29),
(999, 'SL 300', 29),
(1000, 'SL 320', 29),
(1001, 'SL 350', 29),
(1002, 'SL 380', 29),
(1003, 'SL 420', 29),
(1004, 'SL 450', 29),
(1005, 'SL 500', 29),
(1006, 'SL 55 AMG', 29),
(1007, 'SL 560', 29),
(1008, 'SL 60 AMG', 29),
(1009, 'SL 600', 29),
(1010, 'SL 63 AMG', 29),
(1011, 'SL 65 AMG', 29),
(1012, 'SL 70 AMG', 29),
(1013, 'SL 73 AMG', 29),
(1014, 'SLC 280', 29),
(1015, 'SLC 350', 29),
(1016, 'SLC 380', 29),
(1017, 'SLC 450', 29),
(1018, 'SLC 500', 29),
(1019, 'SLK 200', 29),
(1020, 'SLK 230', 29),
(1021, 'SLK 280', 29),
(1022, 'SLK 32 AMG', 29),
(1023, 'SLK 320', 29),
(1024, 'SLK 350', 29),
(1025, 'SLK 55 AMG', 29),
(1026, 'SLR', 29),
(1027, 'SLS AMG', 29),
(1028, 'Sprinter', 29),
(1029, 'Tourismo', 29),
(1030, 'V 200', 29),
(1031, 'V 220', 29),
(1032, 'V 230', 29),
(1033, 'V 280', 29),
(1034, 'Vaneo', 29),
(1035, 'Vario', 29),
(1036, 'Viano', 29),
(1037, 'Vito', 29),
(1038, '3000', 30),
(1039, 'ASX', 30),
(1040, 'Canter', 30),
(1041, 'Carisma', 30),
(1042, 'Celeste', 30),
(1043, 'Challenger', 30),
(1044, 'Colt', 30),
(1045, 'Cordia', 30),
(1046, 'Delica', 30),
(1047, 'Diamante', 30),
(1048, 'Eclipse', 30),
(1049, 'Endeavor', 30),
(1050, 'FTO', 30),
(1051, 'Galant', 30),
(1052, 'Grandis', 30),
(1053, 'L200', 30),
(1054, 'L300', 30),
(1055, 'L400', 30),
(1056, 'Lancer', 30),
(1057, 'Lancer Evolutio', 30),
(1058, 'Lancer Ralliart', 30),
(1059, 'Mirage', 30),
(1060, 'Montero', 30),
(1061, 'Outlander', 30),
(1062, 'Rajero', 30),
(1063, 'Rajero Sport', 30),
(1064, 'Raider', 30),
(1065, 'RVR', 30),
(1066, 'Sapporo', 30),
(1067, 'Shogun', 30),
(1068, 'Sigma', 30),
(1069, 'Space Gear', 30),
(1070, 'Space Runner', 30),
(1071, 'Space Star', 30),
(1072, 'Space Wagon', 30),
(1073, 'Starion', 30),
(1074, 'Tredia', 30),
(1075, '1500', 31),
(1076, '2125', 31),
(1077, '2137', 31),
(1078, '2140', 31),
(1079, '2141', 31),
(1080, '2142', 31),
(1081, '2715', 31),
(1082, '400', 31),
(1083, '401', 31),
(1084, '402', 31),
(1085, '403', 31),
(1086, '407', 31),
(1087, '408', 31),
(1088, '410', 31),
(1089, '411', 31),
(1090, '412', 31),
(1091, '420', 31),
(1092, '426', 31),
(1093, '427', 31),
(1094, '100 NX', 32),
(1095, '200 SX', 32),
(1096, '240 SX', 32),
(1097, '280 C', 32),
(1098, '280 ZX', 32),
(1099, '300 C', 32),
(1100, '300 ZX', 32),
(1101, '350 Z', 32),
(1102, '370 Z', 32),
(1103, 'Almera', 32),
(1104, 'Almera Tino', 32),
(1105, 'Altima', 32),
(1106, 'Armanda', 32),
(1107, 'Bluebird', 32),
(1108, 'Cherry', 32),
(1109, 'Cube', 32),
(1110, 'Frontier', 32),
(1111, 'GT-R', 32),
(1112, 'Homer', 32),
(1113, 'Interstar', 32),
(1114, 'Juke', 32),
(1115, 'King Cab', 32),
(1116, 'Laurel', 32),
(1117, 'LEAF', 32),
(1118, 'Maxima', 32),
(1119, 'Micra', 32),
(1120, 'Micra C+C', 32),
(1121, 'Murano', 32),
(1122, 'Navara', 32),
(1123, 'Note', 32),
(1124, 'NP300', 32),
(1125, 'NV200', 32),
(1126, 'NV400', 32),
(1127, 'Pathfinder', 32),
(1128, 'Patrol', 32),
(1129, 'Pickup', 32),
(1130, 'Pixo', 32),
(1131, 'Prairie', 32),
(1132, 'Primastar', 32),
(1133, 'Primera', 32),
(1134, 'Pulsar', 32),
(1135, 'Qashqai', 32),
(1136, 'Quest', 32),
(1137, 'Rogue', 32),
(1138, 'Serena', 32),
(1139, 'Silvia', 32),
(1140, 'Skyline', 32),
(1141, 'Stanza', 32),
(1142, 'Sunny', 32),
(1143, 'Terrano', 32),
(1144, 'Tiida', 32),
(1145, 'Titan', 32),
(1146, 'Urvan', 32),
(1147, 'Vanette', 32),
(1148, 'X-Trail', 32),
(1149, 'Xterra', 32),
(1150, 'Adam', 33),
(1151, 'Admiral', 33),
(1152, 'Agila', 33),
(1153, 'Ampera', 33),
(1154, 'Antara', 33),
(1155, 'Arena', 33),
(1156, 'Ascona', 33),
(1157, 'Astra', 33),
(1158, 'Astra Coupe', 33),
(1159, 'Calibra', 33),
(1160, 'Campo', 33),
(1161, 'Cascada', 33),
(1162, 'Combo', 33),
(1163, 'Commodore', 33),
(1164, 'Corsa', 33),
(1165, 'Frontera', 33),
(1166, 'GT', 33),
(1167, 'Insignia', 33),
(1168, 'Kadett', 33),
(1169, 'Manta', 33),
(1170, 'Meriva', 33),
(1171, 'Mokka', 33),
(1172, 'Monterey', 33),
(1173, 'Monza', 33),
(1174, 'Movano', 33),
(1175, 'Olympia', 33),
(1176, 'Omega', 33),
(1177, 'Rekord', 33),
(1178, 'Senator', 33),
(1179, 'Signum', 33),
(1180, 'Sintra', 33),
(1181, 'Speedster', 33),
(1182, 'Tigra', 33),
(1183, 'Vectra', 33),
(1184, 'Vivaro', 33),
(1185, 'Zafira', 33),
(1186, '1007', 34),
(1187, '104', 34),
(1188, '106', 34),
(1189, '107', 34),
(1190, '2008', 34),
(1191, '202', 34),
(1192, '204', 34),
(1193, '205', 34),
(1194, '206', 34),
(1195, '206 CC', 34),
(1196, '207', 34),
(1197, '207 CC', 34),
(1198, '208', 34),
(1199, '3008', 34),
(1200, '301', 34),
(1201, '305', 34),
(1202, '306', 34),
(1203, '307', 34),
(1204, '307 CC', 34),
(1205, '308', 34),
(1206, '309', 34),
(1207, '4007', 34),
(1208, '4008', 34),
(1209, '405', 34),
(1210, '406', 34),
(1211, '406 CC', 34),
(1212, '407', 34),
(1213, '407 CC', 34),
(1214, '5008', 34),
(1215, '504', 34),
(1216, '505', 34),
(1217, '508', 34),
(1218, '604', 34),
(1219, '605', 34),
(1220, '607', 34),
(1221, '806', 34),
(1222, '807', 34),
(1223, 'Bipper', 34),
(1224, 'Boxer', 34),
(1225, 'Expert', 34),
(1226, 'iOn', 34),
(1227, 'J5', 34),
(1228, 'Partner', 34),
(1229, 'RCZ', 34),
(1230, 'Speedfight', 34),
(1231, 'SR1', 34),
(1232, 'Bonneville', 35),
(1233, 'Catalina', 35),
(1234, 'Chieftain', 35),
(1235, 'Fiero', 35),
(1236, 'Firebird', 35),
(1237, 'G3', 35),
(1238, 'G5', 35),
(1239, 'G6', 35),
(1240, 'G8', 35),
(1241, 'Grand Am', 35),
(1242, 'Grand Prix', 35),
(1243, 'Grand Ville', 35),
(1244, 'GTO', 35),
(1245, 'LeMans', 35),
(1246, 'Montana', 35),
(1247, 'Silver Streak', 35),
(1248, 'Solstice', 35),
(1249, 'Star Chief', 35),
(1250, 'Sunbird', 35),
(1251, 'Sunfire', 35),
(1252, 'Torrent', 35),
(1253, 'Trans Am', 35),
(1254, 'Trans Sport', 35),
(1255, 'Vibe', 35),
(1256, '356', 36),
(1257, '911', 36),
(1258, '912', 36),
(1259, '914', 36),
(1260, '924', 36),
(1261, '928', 36),
(1262, '944', 36),
(1263, '959', 36),
(1264, '968', 36),
(1265, 'Boxster', 36),
(1266, 'Cajun', 36),
(1267, 'Carrera GT', 36),
(1268, 'Cayenne', 36),
(1269, 'Cayman', 36),
(1270, 'Macan', 36),
(1271, 'Panamera', 36),
(1272, '4', 37),
(1273, '5', 37),
(1274, '11', 37),
(1275, '12', 37),
(1276, '14', 37),
(1277, '16', 37),
(1278, '18', 37),
(1279, '19', 37),
(1280, '20', 37),
(1281, '21', 37),
(1282, '25', 37),
(1283, '30', 37),
(1284, 'Avantime', 37),
(1285, 'Captur', 37),
(1286, 'Clio', 37),
(1287, 'Clio Van', 37),
(1288, 'Espace', 37),
(1289, 'Express', 37),
(1290, 'Fluence', 37),
(1291, 'Fuego', 37),
(1292, 'Grand Espace', 37),
(1293, 'Grand Scenic', 37),
(1294, 'GTA', 37),
(1295, 'Kangoo', 37),
(1296, 'Kerax', 37),
(1297, 'Koleos', 37),
(1298, 'Laguna', 37),
(1299, 'Latitude', 37),
(1300, 'M180', 37),
(1301, 'M200', 37),
(1302, 'Magnum', 37),
(1303, 'Mascott', 37),
(1304, 'Master', 37),
(1305, 'Megane', 37),
(1306, 'Megane Van', 37),
(1307, 'Messenger', 37),
(1308, 'Midliner', 37),
(1309, 'Midlum', 37),
(1310, 'Modus', 37),
(1311, 'Premium', 37),
(1312, 'Safrane', 37),
(1313, 'Scenic', 37),
(1314, 'Scenic Xmod', 37),
(1315, 'Sport Spider', 37),
(1316, 'Thalia', 37),
(1317, 'Trafic', 37),
(1318, 'Twingo', 37),
(1319, 'Twizy', 37),
(1320, 'Vel Satis', 37),
(1321, 'Wind', 37),
(1322, 'Carmargue', 38),
(1323, 'Corniche', 38),
(1324, 'Ghost', 38),
(1325, 'Phantom', 38),
(1326, 'Silver Dawn', 38),
(1327, 'Silver Ghost', 38),
(1328, 'Silver Seraph', 38),
(1329, 'Silver Shadow', 38),
(1330, 'Silver Spirit', 38),
(1331, 'Silver Spur', 38),
(1332, 'Wraith', 38),
(1333, '111', 39),
(1334, '114', 39),
(1335, '115', 39),
(1336, '200', 39),
(1337, '211', 39),
(1338, '213', 39),
(1339, '214', 39),
(1340, '216', 39),
(1341, '218', 39),
(1342, '220', 39),
(1343, '25', 39),
(1344, '400', 39),
(1345, '414', 39),
(1346, '416', 39),
(1347, '418', 39),
(1348, '420', 39),
(1349, '45', 39),
(1350, '618', 39),
(1351, '620', 39),
(1352, '623', 39),
(1353, '75', 39),
(1354, '820', 39),
(1355, '825', 39),
(1356, '827', 39),
(1357, 'Metro', 39),
(1358, 'Mini', 39),
(1359, 'Montego', 39),
(1360, 'SD 1', 39),
(1361, '9-3', 40),
(1362, '9-3X', 40),
(1363, '9-4X', 40),
(1364, '9-5', 40),
(1365, '9-7X', 40),
(1366, '90', 40),
(1367, '900', 40),
(1368, '9000', 40),
(1369, '92', 40),
(1370, '93', 40),
(1371, '94', 40),
(1372, '95', 40),
(1373, '96', 40),
(1374, '97', 40),
(1375, '99', 40),
(1376, 'GT', 40),
(1377, 'Sonett', 40),
(1378, 'Sport', 40),
(1379, 'Alhambra', 41),
(1380, 'Altea', 41),
(1381, 'Altea XL', 41),
(1382, 'Arosa', 41),
(1383, 'Cordoba', 41),
(1384, 'Exeo', 41),
(1385, 'Ibiza', 41),
(1386, 'Inca', 41),
(1387, 'Leon', 41),
(1388, 'Malaga', 41),
(1389, 'Marbella', 41),
(1390, 'Mii', 41),
(1391, 'Toledo', 41),
(1392, '1000', 42),
(1393, '105', 42),
(1394, '110', 42),
(1395, '120', 42),
(1396, '1200', 42),
(1397, '125', 42),
(1398, 'Citigo', 42),
(1399, 'Estelle', 42),
(1400, 'Fabia', 42),
(1401, 'Favorit', 42),
(1402, 'Felicia', 42),
(1403, 'Forman', 42),
(1404, 'Octavia', 42),
(1405, 'Pick-up', 42),
(1406, 'Praktik', 42),
(1407, 'Rapid', 42),
(1408, 'Roomster', 42),
(1409, 'Superb', 42),
(1410, 'Yeti', 42),
(1411, '1600', 43),
(1412, '1800', 43),
(1413, 'B9 Tribeca', 43),
(1414, 'Baja', 43),
(1415, 'BRZ', 43),
(1416, 'Domingo', 43),
(1417, 'Exiga', 43),
(1418, 'Forester', 43),
(1419, 'Impreza', 43),
(1420, 'Impreza WRX STI', 43),
(1421, 'Justy', 43),
(1422, 'Legacy', 43),
(1423, 'Leone', 43),
(1424, 'Libero', 43),
(1425, 'Outback', 43),
(1426, 'STI Racing', 43),
(1427, 'SVX', 43),
(1428, 'Tribeca', 43),
(1429, 'Vivio', 43),
(1430, 'XT', 43),
(1431, 'XV', 43),
(1432, 'Alto', 44),
(1433, 'Baleno', 44),
(1434, 'Cappuccino', 44),
(1435, 'Carry', 44),
(1436, 'Celerio', 44),
(1437, 'Grand Vitara', 44),
(1438, 'Ignis', 44),
(1439, 'Jimny', 44),
(1440, 'Kizashi', 44),
(1441, 'Liana', 44),
(1442, 'Samurai', 44),
(1443, 'SC100', 44),
(1444, 'SJ410', 44),
(1445, 'SJ413', 44),
(1446, 'Splash', 44),
(1447, 'Swift', 44),
(1448, 'SX4', 44),
(1449, 'Vitara', 44),
(1450, 'Wagon R', 44),
(1451, 'X-90', 44),
(1452, '4-Runner', 45),
(1453, 'Aristo', 45),
(1454, 'Auris', 45),
(1455, 'Avalon', 45),
(1456, 'Avensis', 45),
(1457, 'Avensis Verso', 45),
(1458, 'Aygo', 45),
(1459, 'Camry', 45),
(1460, 'Carina', 45),
(1461, 'Celica', 45),
(1462, 'Century', 45),
(1463, 'Corolla', 45),
(1464, 'Corolla Levin', 45),
(1465, 'Corolla Verso', 45),
(1466, 'Corona', 45),
(1467, 'Cressida', 45),
(1468, 'Crown', 45),
(1469, 'Crown Majesta', 45),
(1470, 'Dyna', 45),
(1471, 'FJ Cruiser', 45),
(1472, 'GT 86', 45),
(1473, 'Hiace', 45),
(1474, 'Highlander', 45),
(1475, 'Hilux', 45),
(1476, 'iQ', 45),
(1477, 'Land Cruiser', 45),
(1478, 'MR2', 45),
(1479, 'Paseo', 45),
(1480, 'Picnic', 45),
(1481, 'Previa', 45),
(1482, 'Prius', 45),
(1483, 'ProAce', 45),
(1484, 'RAV4', 45),
(1485, 'SAI', 45),
(1486, 'Sequoia', 45),
(1487, 'Sienna', 45),
(1488, 'Soarer', 45),
(1489, 'Space Cruiser', 45),
(1490, 'Starlet', 45),
(1491, 'Supra', 45),
(1492, 'Tercel', 45),
(1493, 'Tundra', 45),
(1494, 'Urban Cruiser', 45),
(1495, 'Venza', 45),
(1496, 'Verso', 45),
(1497, 'Verso-S', 45),
(1498, 'Wish', 45),
(1499, 'Yaris', 45),
(1500, 'Yaris Verso', 45),
(1501, '3151', 46),
(1502, '3152', 46),
(1503, '3303', 46),
(1504, '3962', 46),
(1505, '452D', 46),
(1506, '469', 46),
(1507, 'Hunter', 46),
(1508, 'Patriot', 46),
(1509, 'Amarok', 47),
(1510, 'Beetle', 47),
(1511, 'Bora', 47),
(1512, 'Buggy', 47),
(1513, 'Caddy', 47),
(1514, 'California', 47),
(1515, 'Caravelle', 47),
(1516, 'CC', 47),
(1517, 'Corrado', 47),
(1518, 'Crafter', 47),
(1519, 'Eos', 47),
(1520, 'Fox', 47),
(1521, 'Golf', 47),
(1522, 'Golf Plus', 47),
(1523, 'Iltis', 47),
(1524, 'Jetta', 47),
(1525, 'K70', 47),
(1526, 'Karmann-Ghia', 47),
(1527, 'LT', 47),
(1528, 'Lupo', 47),
(1529, 'Multivan', 47),
(1530, 'New Beetle', 47),
(1531, 'Passat', 47),
(1532, 'Passat CC', 47),
(1533, 'Phaeton', 47),
(1534, 'Polo', 47),
(1535, 'Routan', 47),
(1536, 'Santana', 47),
(1537, 'Saveiro', 47),
(1538, 'Scirocco', 47),
(1539, 'Sharan', 47),
(1540, 'Taigun', 47),
(1541, 'Taro', 47),
(1542, 'Tiguan', 47),
(1543, 'Touareg', 47),
(1544, 'Touran', 47),
(1545, 'Transporter', 47),
(1546, 'Up', 47),
(1547, 'Vento', 47),
(1548, 'XL 1', 47),
(1549, '142', 48),
(1550, '144', 48),
(1551, '145', 48),
(1552, '240', 48),
(1553, '242', 48),
(1554, '244', 48),
(1555, '245', 48),
(1556, '340', 48),
(1557, '343', 48),
(1558, '345', 48),
(1559, '360', 48),
(1560, '440', 48),
(1561, '460', 48),
(1562, '480', 48),
(1563, '66', 48),
(1564, '740', 48),
(1565, '744', 48),
(1566, '745', 48),
(1567, '760', 48),
(1568, '780', 48),
(1569, '850', 48),
(1570, '940', 48),
(1571, '944', 48),
(1572, '945', 48),
(1573, '960', 48),
(1574, 'Amazon', 48),
(1575, 'C30', 48),
(1576, 'C303', 48),
(1577, 'C70', 48),
(1578, 'Duett', 48),
(1579, 'F10', 48),
(1580, 'F12', 48),
(1581, 'F16', 48),
(1582, 'FH12', 48),
(1583, 'FH16', 48),
(1584, 'FL4', 48),
(1585, 'FL6', 48),
(1586, 'FL7', 48),
(1587, 'FL10', 48),
(1588, 'FL12', 48),
(1589, 'FM7', 48),
(1590, 'FM10', 48),
(1591, 'FM12', 48),
(1592, 'FS7', 48),
(1593, 'FS10', 48),
(1594, 'P1800', 48),
(1595, 'S40', 48),
(1596, 'S60', 48),
(1597, 'S70', 48),
(1598, 'S80', 48),
(1599, 'S90', 48),
(1600, 'V40', 48),
(1601, 'V50', 48),
(1602, 'V60', 48),
(1603, 'V70', 48),
(1604, 'V70 XC', 48),
(1605, 'V90', 48),
(1606, 'XC60', 48),
(1607, 'XC70', 48),
(1608, 'XC90', 48),
(1609, '20', 49),
(1610, '21', 49),
(1611, '24', 49),
(1612, '24-01', 49),
(1613, '24-02', 49),
(1614, '24-10', 49),
(1615, '24-12', 49),
(1616, '24-34', 49),
(1617, '31', 49),
(1618, '3102', 49),
(1619, '31022', 49),
(1620, '31029', 49),
(1621, '3105', 49),
(1622, '3110', 49),
(1623, '31105', 49),
(1624, '3111', 49),
(1625, '53', 49),
(1626, '66', 49),
(1627, '69', 49),
(1628, 'GAZel', 49);

-- --------------------------------------------------------

--
-- Tabeli struktuur tabelile `motion`
--

DROP TABLE IF EXISTS `motion`;
CREATE TABLE IF NOT EXISTS `motion` (
  `motion_id` int(10) unsigned NOT NULL AUTO_INCREMENT,
  `motion_name` varchar(20) NOT NULL,
  PRIMARY KEY (`motion_id`)
) ENGINE=InnoDB  DEFAULT CHARSET=latin1 AUTO_INCREMENT=4 ;

--
-- Andmete tõmmistamine tabelile `motion`
--

INSERT INTO `motion` (`motion_id`, `motion_name`) VALUES
(1, 'esivedu'),
(2, 'tagavedu'),
(3, 'nelikvedu');

-- --------------------------------------------------------

--
-- Tabeli struktuur tabelile `muu`
--

DROP TABLE IF EXISTS `muu`;
CREATE TABLE IF NOT EXISTS `muu` (
  `muu_id` int(11) unsigned NOT NULL AUTO_INCREMENT,
  `muu_name` varchar(200) NOT NULL,
  PRIMARY KEY (`muu_id`)
) ENGINE=InnoDB DEFAULT CHARSET=latin1 AUTO_INCREMENT=1 ;

-- --------------------------------------------------------

--
-- Tabeli struktuur tabelile `muudlisad`
--

DROP TABLE IF EXISTS `muudlisad`;
CREATE TABLE IF NOT EXISTS `muudlisad` (
  `muudlisad_id` int(15) unsigned NOT NULL AUTO_INCREMENT,
  `muudlisad_name` varchar(230) NOT NULL,
  PRIMARY KEY (`muudlisad_id`)
) ENGINE=InnoDB DEFAULT CHARSET=latin1 AUTO_INCREMENT=1 ;

-- --------------------------------------------------------

--
-- Tabeli struktuur tabelile `price`
--

DROP TABLE IF EXISTS `price`;
CREATE TABLE IF NOT EXISTS `price` (
  `price_id` int(10) unsigned NOT NULL AUTO_INCREMENT,
  `price_name` int(50) NOT NULL,
  PRIMARY KEY (`price_id`)
) ENGINE=InnoDB DEFAULT CHARSET=latin1 AUTO_INCREMENT=1 ;

-- --------------------------------------------------------

--
-- Tabeli struktuur tabelile `reg`
--

DROP TABLE IF EXISTS `reg`;
CREATE TABLE IF NOT EXISTS `reg` (
  `reg_id` int(10) unsigned NOT NULL AUTO_INCREMENT,
  `reg_name` int(10) NOT NULL,
  PRIMARY KEY (`reg_id`)
) ENGINE=InnoDB DEFAULT CHARSET=latin1 AUTO_INCREMENT=1 ;

-- --------------------------------------------------------

--
-- Tabeli struktuur tabelile `roolivoim`
--

DROP TABLE IF EXISTS `roolivoim`;
CREATE TABLE IF NOT EXISTS `roolivoim` (
  `roolivoim_id` int(10) unsigned NOT NULL AUTO_INCREMENT,
  `roolivoim_name` varchar(15) NOT NULL,
  PRIMARY KEY (`roolivoim_id`)
) ENGINE=InnoDB DEFAULT CHARSET=latin1 AUTO_INCREMENT=1 ;

-- --------------------------------------------------------

--
-- Tabeli struktuur tabelile `user`
--

DROP TABLE IF EXISTS `user`;
CREATE TABLE IF NOT EXISTS `user` (
  `user_id` int(10) unsigned NOT NULL AUTO_INCREMENT,
  `username` varchar(25) NOT NULL,
  `password` varchar(32) NOT NULL,
  `deleted` tinyint(3) unsigned NOT NULL DEFAULT '0',
  `first_name` varchar(32) NOT NULL,
  `last_name` varchar(32) NOT NULL,
  `email` varchar(1024) NOT NULL,
  PRIMARY KEY (`user_id`)
) ENGINE=InnoDB  DEFAULT CHARSET=utf8 AUTO_INCREMENT=4 ;

--
-- Andmete tõmmistamine tabelile `user`
--

INSERT INTO `user` (`user_id`, `username`, `password`, `deleted`, `first_name`, `last_name`, `email`) VALUES
(1, 'demo', 'demo', 0, '', '', ''),
(2, 'Lenard', '123456', 0, 'Lenard', 'Lätte', 'lenard@buytec.eu'),
(3, 'tanelkolga', 'longdrink', 0, 'tanel', 'kolga', 'kokoko@hot.ee');

-- --------------------------------------------------------

--
-- Tabeli struktuur tabelile `vin`
--

DROP TABLE IF EXISTS `vin`;
CREATE TABLE IF NOT EXISTS `vin` (
  `vin_id` int(10) unsigned NOT NULL AUTO_INCREMENT,
  `vin_name` int(32) NOT NULL,
  PRIMARY KEY (`vin_id`)
) ENGINE=InnoDB DEFAULT CHARSET=latin1 AUTO_INCREMENT=1 ;

-- --------------------------------------------------------

--
-- Tabeli struktuur tabelile `year`
--

DROP TABLE IF EXISTS `year`;
CREATE TABLE IF NOT EXISTS `year` (
  `year_id` smallint(7) unsigned NOT NULL AUTO_INCREMENT,
  `year_name` int(5) NOT NULL,
  PRIMARY KEY (`year_id`),
  KEY `year_name` (`year_name`),
  KEY `year_name_2` (`year_name`)
) ENGINE=InnoDB  DEFAULT CHARSET=latin1 AUTO_INCREMENT=67 ;

--
-- Andmete tõmmistamine tabelile `year`
--

INSERT INTO `year` (`year_id`, `year_name`) VALUES
(2, 1950),
(3, 1951),
(4, 1952),
(5, 1953),
(6, 1954),
(7, 1955),
(8, 1956),
(9, 1957),
(10, 1958),
(11, 1959),
(12, 1960),
(13, 1961),
(14, 1962),
(15, 1963),
(16, 1964),
(17, 1965),
(18, 1966),
(19, 1967),
(20, 1968),
(21, 1969),
(22, 1970),
(23, 1971),
(24, 1972),
(25, 1973),
(26, 1974),
(27, 1975),
(28, 1976),
(29, 1977),
(30, 1978),
(31, 1979),
(32, 1980),
(33, 1981),
(34, 1982),
(35, 1983),
(36, 1984),
(37, 1985),
(38, 1986),
(39, 1987),
(40, 1988),
(41, 1989),
(42, 1990),
(43, 1991),
(44, 1992),
(45, 1993),
(46, 1994),
(47, 1995),
(48, 1996),
(49, 1997),
(50, 1998),
(51, 1999),
(52, 2000),
(53, 2001),
(54, 2002),
(55, 2003),
(56, 2004),
(57, 2005),
(58, 2006),
(59, 2007),
(60, 2008),
(61, 2009),
(62, 2010),
(63, 2011),
(64, 2012),
(65, 2013),
(66, 2014);

--
-- Tõmmistatud tabelite piirangud
--

--
-- Piirangud tabelile `kuulutus`
--
ALTER TABLE `kuulutus`
  ADD CONSTRAINT `kuulutus_ibfk_1` FOREIGN KEY (`body_type_id`) REFERENCES `body_type` (`body_type_id`),
  ADD CONSTRAINT `kuulutus_ibfk_10` FOREIGN KEY (`city_id`) REFERENCES `city` (`city_id`),
  ADD CONSTRAINT `kuulutus_ibfk_11` FOREIGN KEY (`kw_id`) REFERENCES `kw` (`kw_id`),
  ADD CONSTRAINT `kuulutus_ibfk_12` FOREIGN KEY (`door_id`) REFERENCES `door` (`door_id`),
  ADD CONSTRAINT `kuulutus_ibfk_13` FOREIGN KEY (`muudlisad_id`) REFERENCES `muudlisad` (`muudlisad_id`),
  ADD CONSTRAINT `kuulutus_ibfk_14` FOREIGN KEY (`muu_id`) REFERENCES `muu` (`muu_id`),
  ADD CONSTRAINT `kuulutus_ibfk_15` FOREIGN KEY (`reg_id`) REFERENCES `reg` (`reg_id`),
  ADD CONSTRAINT `kuulutus_ibfk_16` FOREIGN KEY (`motion_id`) REFERENCES `motion` (`motion_id`),
  ADD CONSTRAINT `kuulutus_ibfk_2` FOREIGN KEY (`fuel_type_id`) REFERENCES `fuel_type` (`fuel_type_id`),
  ADD CONSTRAINT `kuulutus_ibfk_3` FOREIGN KEY (`year_id`) REFERENCES `year` (`year_id`),
  ADD CONSTRAINT `kuulutus_ibfk_4` FOREIGN KEY (`make_id`) REFERENCES `make` (`make_id`),
  ADD CONSTRAINT `kuulutus_ibfk_5` FOREIGN KEY (`price_id`) REFERENCES `price` (`price_id`),
  ADD CONSTRAINT `kuulutus_ibfk_6` FOREIGN KEY (`gearbox_id`) REFERENCES `gearbox` (`gearbox_id`),
  ADD CONSTRAINT `kuulutus_ibfk_7` FOREIGN KEY (`color_id`) REFERENCES `color` (`color_id`),
  ADD CONSTRAINT `kuulutus_ibfk_8` FOREIGN KEY (`vin_id`) REFERENCES `vin` (`vin_id`),
  ADD CONSTRAINT `kuulutus_ibfk_9` FOREIGN KEY (`country_id`) REFERENCES `country` (`country_id`);

--
-- Piirangud tabelile `model`
--
ALTER TABLE `model`
  ADD CONSTRAINT `model_ibfk_1` FOREIGN KEY (`make_id`) REFERENCES `make` (`make_id`);
SET FOREIGN_KEY_CHECKS=1;
